date,tavg,tmin,tmax,prcp,wdir,wspd,pres
01-01-2023 00:00,22.5,15.9,29,0,85,8.4,1017.2
02-01-2023 00:00,21.4,16.1,29.1,0,99,10.3,1017.3
03-01-2023 00:00,20.9,16.3,28,0,96,9,1017.7
04-01-2023 00:00,20.7,16.8,26.8,0,107,11.3,1016.7
05-01-2023 00:00,20.6,16.8,26.3,0,101,13,1017.2
06-01-2023 00:00,19.8,14.5,25.9,0,88,13.5,1018.1
07-01-2023 00:00,21,16.3,26.4,0,80,12.2,1017.3
08-01-2023 00:00,20.7,17,26.2,0,68,9,1016.2
09-01-2023 00:00,19.1,13.6,26.6,0,70,8,1017.6
10-01-2023 00:00,20.1,14.3,28,0,85,9.8,1017.1
11-01-2023 00:00,20.5,13,28,0,87,8.7,1015.1
12-01-2023 00:00,21.4,14.2,29,0,82,8.5,1014
13-01-2023 00:00,21.2,13.4,30.1,0,87,7.9,1014.2
14-01-2023 00:00,20.7,14.5,29.6,0,83,7.5,1014.3
15-01-2023 00:00,21.4,12.8,29.8,0,87,8.4,1013.3
16-01-2023 00:00,22.5,13.4,30.9,0,79,7,1013.8
17-01-2023 00:00,21.3,14.7,30.3,0,88,8.1,1014.6
18-01-2023 00:00,20.6,14.7,30,0,95,9.7,1017.8
19-01-2023 00:00,21.1,14.5,29.5,0,91,10.8,1016.4
20-01-2023 00:00,20.6,14,29.5,0,107,11.2,1016.2
21-01-2023 00:00,20.6,16.6,26.6,0,90,10.9,1015.3
22-01-2023 00:00,20.8,15.2,26.4,0,95,12.5,1014.5
23-01-2023 00:00,20.4,16.2,27.5,0,100,11.7,1013.9
24-01-2023 00:00,21.7,17.4,27.8,0,107,11.4,1013.5
25-01-2023 00:00,20.7,15.2,27.3,0,99,10.1,1013.8
26-01-2023 00:00,21.7,15.5,29.2,0,106,9.8,1013.9
27-01-2023 00:00,22,16.4,29.6,0,102,9.7,1013.9
28-01-2023 00:00,21.9,14.7,29.6,0,81,11.1,1013.3
29-01-2023 00:00,22.3,14.4,29.4,0,85,12.3,1012.3
30-01-2023 00:00,22.8,18,29.7,0.5,92,11,1013.6
31-01-2023 00:00,22.5,17.2,28.7,0,64,11.6,1013.2
01-02-2023 00:00,22.5,15.4,28.8,0,62,13.9,1012.7
02-02-2023 00:00,21.3,17.8,29,0,67,16.5,1013.1
03-02-2023 00:00,22.1,15.6,29,0,76,13.3,1013.7
04-02-2023 00:00,23.2,17.4,29.6,0,83,12.8,1012.9
05-02-2023 00:00,24.3,17.5,31,0,93,11.5,1012.7
06-02-2023 00:00,23.8,17.2,32.2,0,104,9.6,1013
07-02-2023 00:00,24.1,17.5,31.1,0,91,6.9,1013
08-02-2023 00:00,24.5,18.1,31.5,0,78,10.3,1012.8
09-02-2023 00:00,23.9,17.5,31.1,0,85,10.9,1013.6
10-02-2023 00:00,23.7,17,31.3,0,74,10.3,1014.7
11-02-2023 00:00,23.2,15.7,31,0,71,9.1,1014.9
12-02-2023 00:00,24.3,15.9,31.9,0,71,9.9,1012.4
13-02-2023 00:00,24.4,16.2,33,0,75,11.1,1015
14-02-2023 00:00,23.9,15.8,32.5,0,72,8.7,1014.7
15-02-2023 00:00,23.7,14.1,31.7,0,70,10.1,1013.4
16-02-2023 00:00,24.5,16.1,32.5,0,73,12.2,1013.3
17-02-2023 00:00,24,16.6,32,0,85,10.2,1014
18-02-2023 00:00,24.3,17,31.1,0,85,9.8,1014
19-02-2023 00:00,24.4,17.2,31.6,0,86,9.4,1014.3
20-02-2023 00:00,23.9,18,31.6,0,75,8.9,1014.7
21-02-2023 00:00,24.8,16.8,31.2,0,83,10.4,1014.6
22-02-2023 00:00,23.9,16.1,30.9,0,90,11.6,1014
23-02-2023 00:00,24.1,16.2,32.3,0,81,11.9,1014
24-02-2023 00:00,23,13.1,31.8,0,85,10.3,1014.7
25-02-2023 00:00,25.1,15.6,32.6,0,84,12.5,1016.2
26-02-2023 00:00,23.9,16.3,38.6,0,85,14.2,1017.3
27-02-2023 00:00,23.5,16.2,31.3,0,77,11.1,1017.5
28-02-2023 00:00,23.7,16,30.6,0,85,12.9,1017.1
01-03-2023 00:00,23.8,17.1,30.2,0,94,13.4,1017
02-03-2023 00:00,23.7,17.8,30.9,0,94,14.6,1018
03-03-2023 00:00,25.2,14.7,31.4,0,84,14.8,1018.2
04-03-2023 00:00,24,16.4,32,0,77,15,1018
05-03-2023 00:00,25.2,18.8,32.4,0,81,13.7,1017.3
06-03-2023 00:00,25.1,17.3,32.2,0,83,12.7,1016
07-03-2023 00:00,24.3,16.4,32.4,0,79,13.2,1015.2
08-03-2023 00:00,24.9,19.1,31.8,0,80,14,1015
09-03-2023 00:00,24.2,18.2,30.6,0,78,12.1,1014.6
10-03-2023 00:00,23.5,16,30.1,0,85,12.1,1014.3
11-03-2023 00:00,23.7,17,30.5,0,72,13,1014
12-03-2023 00:00,25.2,17.4,31.8,0,88,12.7,1014.1
13-03-2023 00:00,26,19.2,32.5,0,100,11.5,1012.9
14-03-2023 00:00,26.5,19.1,32.9,0,108,10.6,1011.3
15-03-2023 00:00,26.9,19.8,33.6,0,123,10.5,1010.6
16-03-2023 00:00,25.3,19.5,33.6,18.8,169,9.5,1012.1
17-03-2023 00:00,24.7,20,33,3,163,8.1,1014
18-03-2023 00:00,25.3,20,31.6,5.1,166,10.9,1011.8
19-03-2023 00:00,26.3,21,31.8,0,226,11.5,1011
20-03-2023 00:00,26.5,21,32.6,0,242,10.3,1010
21-03-2023 00:00,24.5,16.4,32.4,0,265,8.5,1010
22-03-2023 00:00,25.4,17.2,33,0,167,6.7,1010.5
23-03-2023 00:00,27.5,22,33.8,0,261,7.7,1010.3
24-03-2023 00:00,27.7,22.8,34.5,0,198,9.3,1010.6
25-03-2023 00:00,27.1,22.8,34.5,0.8,169,8.9,1012.3
26-03-2023 00:00,26.4,19.9,32.6,0,202,7.8,1011.4
27-03-2023 00:00,27.1,22.1,34.8,0.3,291,9.4,1010.7
28-03-2023 00:00,28.6,21.8,34.6,0,115,7.7,1010.8
29-03-2023 00:00,27.4,23.4,35.5,4.6,188,9.7,1012.2
30-03-2023 00:00,26.9,20.8,34,0,199,8.1,1011.9
31-03-2023 00:00,28.1,22.4,33.8,0,235,7.5,1010.7
01-04-2023 00:00,28.3,23.5,35,0,198,8.5,1011
02-04-2023 00:00,28.2,23.3,34.1,0,240,9,1010.1
03-04-2023 00:00,27.1,22.5,34.5,0,201,9.6,1010.1
04-04-2023 00:00,25.1,20.5,31.2,0,191,8.9,1012
05-04-2023 00:00,26.7,21.7,32.6,0,119,6.7,1010.9
06-04-2023 00:00,27.7,22.7,34.8,0.4,172,8,1011.8
07-04-2023 00:00,27,22.2,33.9,0,128,10.1,1013
08-04-2023 00:00,27.3,21.5,33,0,109,11.7,1014.3
09-04-2023 00:00,25.9,17.7,34,0,102,10.7,1014.6
10-04-2023 00:00,27.8,21,34.5,0,104,11.7,1013.6
11-04-2023 00:00,26.5,18.2,35,0,99,10.6,1013.4
12-04-2023 00:00,29.3,21.4,35.7,0,100,9.9,1012.9
13-04-2023 00:00,27.2,18.6,36,0,103,13.5,1012.3
14-04-2023 00:00,29.3,21.7,36.4,0,124,9.3,1012.1
15-04-2023 00:00,28.5,22.3,36,0,74,9.5,1011.5
16-04-2023 00:00,27.2,19.1,35.6,0,106,10.1,1010.3
17-04-2023 00:00,27.8,20.8,36,0,118,9.2,1010.5
18-04-2023 00:00,28.7,21,35.4,0,125,10.5,1011.4
19-04-2023 00:00,29.7,22.2,36.5,0,139,8.4,1009.6
20-04-2023 00:00,30.1,23.6,36.1,0,207,7.4,1007.6
21-04-2023 00:00,26.6,21.4,36,1,233,8.1,1007.8
22-04-2023 00:00,27.6,22.3,35.2,7.1,248,6.7,1008
23-04-2023 00:00,29.2,23.5,34.8,0,261,9.1,1008.5
24-04-2023 00:00,28,22.5,35,1.8,147,8.8,1010
25-04-2023 00:00,26.5,23,34,4.8,136,9.9,1011.3
26-04-2023 00:00,27.7,23.7,33.3,0.2,142,8.8,1010.7
27-04-2023 00:00,27.7,23.2,33,0,128,10.7,1010.5
28-04-2023 00:00,28.2,22,33.5,3.2,139,11.3,1011.2
29-04-2023 00:00,25.5,22.2,34.5,11.6,150,8.2,1011.2
30-04-2023 00:00,26.3,22.5,31.1,13.9,178,8,1009.9
01-05-2023 00:00,24.6,21.5,32,25.9,265,7.1,1010
02-05-2023 00:00,25.3,21,31,26.9,250,6.7,1010.2
03-05-2023 00:00,24.4,21.4,30.4,0.8,280,8.6,1011.6
04-05-2023 00:00,24.5,21.2,30,14,257,7.2,1010.6
05-05-2023 00:00,24.9,20.8,30.6,39.9,243,8.7,1009.9
06-05-2023 00:00,24.6,20.1,29.7,0,248,9.5,1009.7
07-05-2023 00:00,24.3,21.1,29.3,2.5,270,9.4,1010.3
08-05-2023 00:00,24.6,21.4,29,6.1,296,7.2,1009.7
09-05-2023 00:00,26.3,20.5,31.4,5.1,341,6.1,1009.8
10-05-2023 00:00,27.7,22.3,32.5,0.5,3,7.7,1008.8
11-05-2023 00:00,26.1,20.4,33.4,0,267,9.9,1010.3
12-05-2023 00:00,25.4,20.9,33.4,13.5,280,10.5,1010.1
13-05-2023 00:00,26,22.6,32.4,0,257,15,1011.2
14-05-2023 00:00,26.2,20.5,32.2,0,275,14,1009.8
15-05-2023 00:00,27.6,23,32.8,0,243,11.7,1010.2
16-05-2023 00:00,27.1,20.1,34,0,270,8.8,1011.2
17-05-2023 00:00,29.3,23.6,35,0,352,6.4,1011.1
18-05-2023 00:00,29.2,25.1,35.5,0,271,9.9,1012.3
19-05-2023 00:00,29.3,23.5,35.5,0,269,8.6,1011.1
20-05-2023 00:00,25.2,21.3,35.4,0,281,10.5,1011.2
21-05-2023 00:00,24.6,21.2,34.4,30,251,8.8,1011.9
22-05-2023 00:00,25.1,21,33.4,31.5,219,8.2,1012.6
23-05-2023 00:00,26.8,19.9,32.2,16.3,240,7,1012.9
24-05-2023 00:00,25.8,20.2,33.2,25.9,249,10.4,1013.1
25-05-2023 00:00,25.7,21.5,32,1.5,271,10.9,1013.4
26-05-2023 00:00,26.1,22,32.1,0,256,11.9,1013.3
27-05-2023 00:00,26.8,21.8,31.9,0.6,278,10.7,1011.8
28-05-2023 00:00,27.2,21.3,32.5,0,261,9.7,1010.6
29-05-2023 00:00,27,23.3,33.6,1.8,286,7.8,1010.6
30-05-2023 00:00,23.8,20.4,33.3,0,269,7.6,1011.7
31-05-2023 00:00,25.5,19.6,31.3,65.3,251,8.5,1010.9
01-06-2023 00:00,26.3,21.3,31.4,0,248,8.8,1010.8
02-06-2023 00:00,26.4,22.6,31.4,0,264,10,1010.6
03-06-2023 00:00,26.2,21.1,32.6,0.7,272,10.7,1010.4
04-06-2023 00:00,26.4,23,33.4,0.5,258,12.5,1010.8
05-06-2023 00:00,25.7,20.9,31,4.2,260,12.9,1010
06-06-2023 00:00,26.1,22,31.6,1,273,13.1,1009.5
07-06-2023 00:00,26,22.3,32.2,0.1,252,13.6,1009.7
08-06-2023 00:00,26.3,22.4,32,0.1,261,15,1009.8
09-06-2023 00:00,26.3,22.1,32.5,2.5,255,14.7,1008.9
10-06-2023 00:00,24.9,21.1,32.3,0.5,246,17.2,1008.5
11-06-2023 00:00,25.4,21.2,31,0,258,16,1008.4
12-06-2023 00:00,25.6,21.7,31.6,0.5,249,14.3,1008.7
13-06-2023 00:00,25.7,21.4,32.6,21.1,251,15.6,1009.1
14-06-2023 00:00,25.8,21.6,31.6,0,261,14.8,1010.9
15-06-2023 00:00,26.6,21.9,32,2,269,13.1,1010.7
16-06-2023 00:00,26.5,21.8,31.5,0,257,15.3,1009.8
17-06-2023 00:00,26.4,22,32.1,1.4,269,13.8,1009.9
18-06-2023 00:00,24.6,22.6,31.5,3.2,268,15.4,1009.8
19-06-2023 00:00,24.9,21.7,28.4,0,274,12,1008.8
20-06-2023 00:00,22.8,20.8,28.2,1.8,265,10.5,1008.3
21-06-2023 00:00,23.6,21.6,27.6,18.8,258,11.1,1008.9
22-06-2023 00:00,25.2,21,29.4,3,269,10.4,1009.4
23-06-2023 00:00,24.6,21.2,30.7,7.6,262,12.4,1009.4
24-06-2023 00:00,23.5,21,29.1,0.3,251,16.1,1008.9
25-06-2023 00:00,24.4,20.9,29.1,0.5,253,14.6,1008.8
26-06-2023 00:00,24.1,21.1,29.1,7.1,263,15.6,1009.5
27-06-2023 00:00,23.9,20.4,29,0,253,14.2,1010.1
28-06-2023 00:00,24.1,20.3,29.4,2,257,15.2,1010.7
29-06-2023 00:00,23.6,20.6,29,0,254,15.6,1011.4
30-06-2023 00:00,25.1,21,29.4,2,260,16.2,1011
01-07-2023 00:00,25.6,21.4,30.4,0,266,14.4,1011.2
02-07-2023 00:00,23.9,20.5,30.8,0,272,15.2,1010.8
03-07-2023 00:00,23.8,20.3,29,18.3,270,16.7,1009.4
04-07-2023 00:00,22.7,20.3,30.1,4.1,253,20,1007.4
05-07-2023 00:00,22.6,20.2,27.1,1.3,258,18.9,1006.6
06-07-2023 00:00,22.7,20.5,26.9,0.3,244,18.3,1009.1
07-07-2023 00:00,22.7,20.6,26.9,0.3,249,18.4,1010.8
08-07-2023 00:00,22,20.5,27.5,7.9,248,15.6,1011.8
09-07-2023 00:00,23.9,20.9,27.9,7.6,258,13.9,1011.2
10-07-2023 00:00,23.4,21.2,27.3,1,258,11.4,1010.6
11-07-2023 00:00,22.7,20,28.5,10.4,264,12.4,1010.2
12-07-2023 00:00,23.1,20.3,27.4,15,257,11.7,1009.8
13-07-2023 00:00,22.6,19.7,28.2,11.9,248,13.8,1010.1
14-07-2023 00:00,23.2,20.1,27.2,24.9,256,15.5,1011.1
15-07-2023 00:00,24.2,20.4,28.4,1.3,267,14.7,1011.1
16-07-2023 00:00,24,21.4,29.1,2,263,13.4,1010.5
17-07-2023 00:00,23.8,21,28.5,0,257,16.5,1009.9
18-07-2023 00:00,24.1,20.6,28.1,0.3,257,20.8,1008.9
19-07-2023 00:00,23.4,20.8,28.8,0,262,23.1,1007.7
20-07-2023 00:00,24.2,20.7,28,0,256,24.3,1007.7
21-07-2023 00:00,23.8,21.5,28.7,1.3,261,23.5,1008.8
22-07-2023 00:00,22.9,21.4,28.4,0,261,22.9,1010.2
23-07-2023 00:00,22.5,20.2,26.7,0.3,260,19.7,1010.6
24-07-2023 00:00,21.2,19.9,26.6,7.1,258,20.4,1009.9
25-07-2023 00:00,21.6,20.2,24.9,7.1,255,18,1010.3
26-07-2023 00:00,21.1,19.4,24.5,12.2,256,16.6,1011.4
27-07-2023 00:00,23.4,18.8,29.2,6.9,258,19,1011.2
28-07-2023 00:00,23.2,19.2,27.5,0,266,18.1,1011
29-07-2023 00:00,22.7,20.1,28.4,2,272,18.3,1011
30-07-2023 00:00,24.2,19.8,28.4,0.5,273,16.4,1010.7
31-07-2023 00:00,24.5,20.8,29.2,0,268,17.5,1010.5
01-08-2023 00:00,24.1,20.8,29.3,0,261,19.7,1010.5
02-08-2023 00:00,24,18.5,28.2,0,259,20.5,1011.2
03-08-2023 00:00,24,20.2,28.3,0.3,263,19.7,1010.7
04-08-2023 00:00,24.4,20.2,29.2,0,264,17,1012.6
05-08-2023 00:00,24.4,20.4,30.1,0,262,16.4,1013.6
06-08-2023 00:00,24.2,21.2,29,0.3,267,13.6,1012.6
07-08-2023 00:00,24.3,20.6,29.8,2.3,266,14.4,1010.8
08-08-2023 00:00,24.2,20.5,29.6,0,269,12.1,1011.2
09-08-2023 00:00,25.2,20.8,29,1.3,279,10.5,1012.5
10-08-2023 00:00,25.4,21.8,30.4,0,286,9.1,1013
11-08-2023 00:00,25.6,22,30,0.1,297,8.7,1011.6
12-08-2023 00:00,26.1,22.3,30.4,0,280,13,1011.3
13-08-2023 00:00,25.2,21,31.3,0.5,279,11.5,1011.1
14-08-2023 00:00,25.4,19.8,30.4,0.5,277,9.2,1011.3
15-08-2023 00:00,25.9,21,30,0,250,11,1011.4
16-08-2023 00:00,26.3,21,31,0,260,10.9,1011.7
17-08-2023 00:00,25.7,21.8,31.8,0,266,14,1011.8
18-08-2023 00:00,24.6,21.2,31,0,263,15.8,1010.4
19-08-2023 00:00,23.1,19.8,29.5,0,264,16.2,1010.3
20-08-2023 00:00,24.6,20.2,29,8.1,275,14,1009.8
21-08-2023 00:00,25.3,20.9,30.5,0,283,10.4,1009.5
22-08-2023 00:00,26,21.8,30.8,1.1,269,7.9,1009.5
23-08-2023 00:00,26.1,22,31,0,272,9,1009.7
24-08-2023 00:00,24.9,21.6,31.6,0,272,10.9,1009.7
25-08-2023 00:00,25.3,19.3,31,0,260,10.3,1009.9
26-08-2023 00:00,26.2,21.8,32.2,2.1,264,11.1,1011.2
27-08-2023 00:00,26.1,22.2,31.8,1.2,280,10.5,1011.8
28-08-2023 00:00,27.2,21.9,31.8,0,280,10.2,1010.9
29-08-2023 00:00,26.1,22.6,32.6,2,275,12.4,1010.4
30-08-2023 00:00,25,19.5,31.8,12.8,275,10.4,1010.8
31-08-2023 00:00,25.1,19.9,32.5,0.5,271,7.5,1010.8
01-09-2023 00:00,24.8,19.9,31,88.9,301,8.3,1010.6
02-09-2023 00:00,24.8,22.2,29.5,0,266,10,1012.1
03-09-2023 00:00,24.3,21.4,29.6,1.8,273,11.5,1009.1
04-09-2023 00:00,22.6,21,28.1,0.3,273,16.6,1008.2
05-09-2023 00:00,22.7,20.6,26.4,0,274,14.1,1008.2
06-09-2023 00:00,23.3,20.4,27.4,25.1,257,14.5,1008.8
07-09-2023 00:00,24.1,21.3,29,0,251,15,1009.6
08-09-2023 00:00,24,21,29,4.3,245,17.3,1010.3
09-09-2023 00:00,25.1,20.8,29,0,257,15.5,1009.9
10-09-2023 00:00,24.5,21.2,30.5,5.7,265,15.6,1009.5
11-09-2023 00:00,24.1,21.2,29.5,2.5,263,14.6,1009.8
12-09-2023 00:00,23.7,20,29,0.5,271,14.3,1010.3
13-09-2023 00:00,23.7,19.2,30.3,1.5,261,13.9,1010.4
14-09-2023 00:00,23.3,20,29.3,0.8,258,14.8,1010.3
15-09-2023 00:00,23.8,20.8,27.7,0,253,16.7,1010.5
16-09-2023 00:00,23.8,21.2,27.8,1.5,259,15.1,1010.8
17-09-2023 00:00,24.5,21.3,28.8,0,268,13.1,1010.5
18-09-2023 00:00,23.5,20.5,29.5,9.1,254,12.5,1010.4
19-09-2023 00:00,25.9,21,29.6,22.1,260,12.3,1011.6
20-09-2023 00:00,23.9,20.8,30,1.3,256,10.7,1011.6
21-09-2023 00:00,23.8,20.8,30,10.7,254,9,1011.7
22-09-2023 00:00,24.7,20.6,30,20.3,257,8.1,1011.7
23-09-2023 00:00,25.4,21.4,30,1.3,254,9.2,1011.6
24-09-2023 00:00,24.6,19.9,28.4,6.1,264,11.4,1011.9
25-09-2023 00:00,23.1,21.3,30,6.1,268,11.3,1010.8
26-09-2023 00:00,22.7,21,28.5,22.6,263,21.6,1010.1
27-09-2023 00:00,24.1,19.6,27.4,1.8,252,12.6,1010
28-09-2023 00:00,23,19,27.7,0,239,14.5,1009.9
29-09-2023 00:00,23.9,19.8,27.5,5.1,239,16.6,1010.1
30-09-2023 00:00,23.3,19.7,27,0,236,17.1,1010.7
01-10-2023 00:00,24,21.1,28.1,0.5,239,19.1,1010.1
02-10-2023 00:00,24.5,20.2,29.3,0,260,19.2,1010.9
03-10-2023 00:00,24.9,20.4,29.7,0,267,10.2,1011.9
04-10-2023 00:00,25.2,21,29.8,0.2,277,8.6,1012.3
05-10-2023 00:00,25.9,21.7,30.1,0,291,7.6,1011.9
06-10-2023 00:00,24.3,20.1,29,1.6,278,7.6,1011
07-10-2023 00:00,24.7,20.1,29.3,1,294,7.7,1011.1
08-10-2023 00:00,24.2,20.1,29.3,5.8,208,6.5,1012.8
09-10-2023 00:00,23.3,19.4,29.8,14,216,6.1,1014.4
10-10-2023 00:00,24.3,19.2,28.8,66,280,5.5,1013.7
11-10-2023 00:00,23.4,21.3,29.7,1,283,6.6,1013.4
12-10-2023 00:00,23.9,19.4,28.6,4.6,92,6.8,1013.9
13-10-2023 00:00,24,17.4,30.4,0,59,7.5,1014.6
14-10-2023 00:00,23.8,18.7,30,0,77,7.3,1014.4
15-10-2023 00:00,25,19.4,29.2,1,117,6.6,1013.2
16-10-2023 00:00,24.7,19.9,30,0,107,9.5,1012.9
17-10-2023 00:00,24.6,20.5,29.9,2.6,95,7.7,1013.8
18-10-2023 00:00,24.2,18.6,29.9,0,85,9.8,1014.3
19-10-2023 00:00,24.3,18.4,30.3,0,79,8.9,1014.4
20-10-2023 00:00,24.3,17.9,30.8,0,86,9.1,1014
21-10-2023 00:00,24.4,19,30.3,0.2,84,9.6,1014.4
22-10-2023 00:00,24.8,18.7,30.7,0,59,7.5,1014.3
23-10-2023 00:00,23.8,18.1,30,0,36,7.2,1013.7
24-10-2023 00:00,23.3,16.5,30.8,0,25,7.5,1013.3
25-10-2023 00:00,23.5,16.5,30.8,0,59,7.3,1014.7
26-10-2023 00:00,23.6,16.5,29.7,0,61,7.7,1014.5
27-10-2023 00:00,24.1,17.8,30.1,0,79,9.9,1013.6
28-10-2023 00:00,24.6,20.2,30.6,0,94,9.9,1013.3
29-10-2023 00:00,23.7,20.1,29.5,5,95,10.5,1013.8
30-10-2023 00:00,23,19.5,29.1,2.5,104,10.8,1013.6
31-10-2023 00:00,22.8,18.9,28.8,4.1,83,10,1014.3
01-11-2023 00:00,23.4,18.9,28.6,1,83,9.4,1014.2
02-11-2023 00:00,23.3,18.3,28.8,1.3,79,9.5,1013.4
03-11-2023 00:00,24.5,21.2,30,0,88,10.1,1012.1
04-11-2023 00:00,23.5,20.8,31.3,2.3,84,8.8,1012.1
05-11-2023 00:00,24.1,20.8,29,1.8,100,7.9,1013.6
06-11-2023 00:00,23.7,19,29,0,140,5.3,1014.8
07-11-2023 00:00,21.8,19.1,28.7,71.1,87,5.6,1014.8
08-11-2023 00:00,23.4,20.5,27.1,29.2,90,7.7,1014.4
09-11-2023 00:00,23.1,20.6,28.2,0,90,9.6,1015
10-11-2023 00:00,22.9,19.5,27.2,0.2,82,11.2,1015.9
11-11-2023 00:00,22.4,17,29,0,76,11.1,1016.1
12-11-2023 00:00,21.7,15.7,27.5,0,64,11.4,1016.1
13-11-2023 00:00,21.9,16,27.3,0,56,11.3,1015.4
14-11-2023 00:00,20.5,18.4,23.6,0.1,54,11.9,1015.4
15-11-2023 00:00,23.2,19.4,27.4,0,53,10.2,1014.4
16-11-2023 00:00,23.5,18.2,29,0,58,7.8,1014.2
17-11-2023 00:00,23.5,18.5,29.6,0,91,9.4,1014.6
18-11-2023 00:00,23.8,18.6,29.1,0,78,11.3,1014.3
19-11-2023 00:00,23,17.1,29,0,77,12.8,1014.6
20-11-2023 00:00,22.5,17.1,28.6,0.1,60,11.2,1014.4
21-11-2023 00:00,22.7,18.7,28.5,1.8,49,11.1,1013.4
22-11-2023 00:00,22.9,19.9,27.8,4.5,60,8.2,1013
23-11-2023 00:00,22.5,19.4,27,0.5,105,10.5,1012.5
24-11-2023 00:00,22.2,19.5,27.1,5.3,102,10.8,1013
25-11-2023 00:00,22.3,20.2,27,0,87,13.4,1014.3
26-11-2023 00:00,22.9,18.8,26.7,0,87,14.3,1015.1
27-11-2023 00:00,22.6,19.4,27.2,0,97,13,1013.7
28-11-2023 00:00,22.3,18.3,27.2,1.6,101,10.3,1013.2
29-11-2023 00:00,22.3,18.7,27.4,0.6,78,10.5,1013.3
30-11-2023 00:00,22.3,18.3,26.8,1,91,11.5,1013.9
01-12-2023 00:00,22.7,19.9,28.3,0,71,9.8,1013.3
02-12-2023 00:00,22.2,17,27.7,0,45,11,1011.8
03-12-2023 00:00,21.8,20.4,27.4,0.3,27,13.6,1011.5
04-12-2023 00:00,21.8,20.2,24.5,0.5,347,13.8,1010.1
05-12-2023 00:00,22.2,19.4,26.5,0,311,10.6,1009.4
06-12-2023 00:00,22.9,16.8,29,0,296,6.1,1011.4
07-12-2023 00:00,23.5,18.8,28.6,0.2,127,6.3,1012.4
08-12-2023 00:00,23.1,19.7,27.9,4.3,103,8.5,1013.3
09-12-2023 00:00,22.9,20,27.1,2.7,91,9.9,1014.6
10-12-2023 00:00,23,18.7,28.1,0,89,10.4,1013.8
11-12-2023 00:00,22.7,17.8,27.4,0,83,9.6,1014.1
12-12-2023 00:00,22.3,18.8,27.6,0,74,9.5,1013.5
13-12-2023 00:00,20.9,15.9,26.6,0,67,10.6,1014.3
14-12-2023 00:00,20.9,16.4,25.9,0,87,10.8,1015.6
15-12-2023 00:00,21.4,16.1,28.5,0,74,10,1015.5
16-12-2023 00:00,22.2,19.4,27.3,1,75,11.2,1014.8
17-12-2023 00:00,21.6,18.2,25.9,0.1,75,12.9,1014.6
18-12-2023 00:00,21.1,18.4,26,0,79,12.3,1015.3
19-12-2023 00:00,21.3,17.5,26.5,0,69,10.7,1016.2
20-12-2023 00:00,21.2,16.8,26.7,0,79,11,1016
21-12-2023 00:00,21.4,16.8,27.8,0,82,9,1015.5
22-12-2023 00:00,22.1,17.3,28.4,0,63,7.6,1015.6
23-12-2023 00:00,20.9,15.8,27.8,0,82,9.1,1016.3
24-12-2023 00:00,21,13.6,29,0,84,11,1017.5
25-12-2023 00:00,21.8,17.4,28.4,0,79,15.5,1016.8
26-12-2023 00:00,20.8,14.5,27.7,0,79,11.8,1017.2
27-12-2023 00:00,20.8,15.2,28,0,82,11.7,1017.5
28-12-2023 00:00,21.2,15.1,27.8,0,86,11.5,1016.3
29-12-2023 00:00,21.2,16.6,27.6,0,88,11.7,1016.3
30-12-2023 00:00,21.7,17.1,29,0,96,10.5,1015.6
31-12-2023 00:00,21.1,16.4,27.7,0,97,10.2,1015.3
01-01-2024 00:00,21.7,15.9,28.2,0,100,10.2,1015.3
02-01-2024 00:00,21.5,18,27.1,0,95,11.9,1014.8
03-01-2024 00:00,21.2,16,26.8,0,91,10.6,1014.4
04-01-2024 00:00,21.4,18,25,0,95,11.1,1014.2
05-01-2024 00:00,22.3,18.9,25.8,0,109,10.9,1014.1
06-01-2024 00:00,22.2,19,28.6,0.2,103,11.9,1014.2
07-01-2024 00:00,22.2,16.5,29.2,0,90,11.5,1014.8
08-01-2024 00:00,20.5,18.6,23.7,8.8,88,14.2,1015.5
09-01-2024 00:00,21.4,18.4,26.2,0.5,89,13.8,1015.5
10-01-2024 00:00,20.9,16.5,26.4,0,93,12,1015.6
11-01-2024 00:00,21.7,16.8,29.2,0,85,11.6,1015.8
12-01-2024 00:00,21.1,15.5,27.6,0,89,12.9,1015.7
13-01-2024 00:00,21.5,15.7,27.9,0,85,9.2,1016
14-01-2024 00:00,21.9,16.6,29,0,77,8.8,1015.5
15-01-2024 00:00,21.6,15.3,28.2,0,85,8.2,1014.8
16-01-2024 00:00,21.5,15.4,28.1,0,96,8.5,1013.6
17-01-2024 00:00,21.7,15.2,28.2,0,119,8.7,1013.3
18-01-2024 00:00,21.9,15.7,28.6,0,132,8.4,1013.6
19-01-2024 00:00,22.6,16.4,29.3,0,98,8.7,1014
20-01-2024 00:00,22.5,15.8,29,0,107,9.9,1015.1
21-01-2024 00:00,22.8,16.5,30,0,101,8.7,1015
22-01-2024 00:00,23,16.2,29.8,0,110,8.9,1015.8
23-01-2024 00:00,22.6,15.6,29,0,123,8.2,1015.4
24-01-2024 00:00,22.8,17,29.8,0,155,8.7,1014.9
25-01-2024 00:00,23,17.4,28.6,0,115,9.3,1015.9
26-01-2024 00:00,22,16.7,28,0,98,11.8,1017.7
27-01-2024 00:00,21.9,16.6,28,0,92,11.9,1018
28-01-2024 00:00,21.5,15.6,28.1,0,95,11.4,1017.6
29-01-2024 00:00,21.6,15.6,28,0,79,10.4,1017
30-01-2024 00:00,21.8,14.3,29.6,0,86,7.6,1015.9
31-01-2024 00:00,23,16.6,30.6,0,141,8.5,1015.8
01-02-2024 00:00,23.6,18,30,0,181,7.3,1015.9
02-02-2024 00:00,24,17.9,30.6,0,139,7.8,1015.4
03-02-2024 00:00,24.2,18.9,30.3,0,110,10.1,1016
04-02-2024 00:00,23.3,16.9,30,0,93,10.9,1017.8
05-02-2024 00:00,23.4,15.6,31.2,0,90,10.4,1017.8
06-02-2024 00:00,24,15.4,31.8,0,81,11.1,1017.1
07-02-2024 00:00,24.4,16.5,33,0,78,11.3,1016.9
08-02-2024 00:00,24.7,16.6,33.6,0,79,10.4,1015.6
09-02-2024 00:00,24.4,16.3,31.8,0,97,10.7,1016
10-02-2024 00:00,23.4,16.3,30.6,0,97,11.2,1017.6
11-02-2024 00:00,23,16.6,30,0,96,12,1018.1
12-02-2024 00:00,23.1,15.1,31,0,86,11,1017.2
13-02-2024 00:00,23.1,16.2,30.1,0,95,10.5,1017
14-02-2024 00:00,23.5,17.1,30.3,0,95,11.7,1016.2
15-02-2024 00:00,23.4,16.8,30.4,0,92,12.1,1015.9
16-02-2024 00:00,23,16.1,29.6,0,94,13.3,1016.6
17-02-2024 00:00,24,16.4,31,0,86,11.2,1015.1
18-02-2024 00:00,24.6,16.7,32,0,91,9.8,1013.9
19-02-2024 00:00,24.4,16.5,32.4,0,97,9.6,1014.5
20-02-2024 00:00,25.1,18.2,32,0,104,7.9,1014.2
21-02-2024 00:00,25.6,18.6,32.1,0,180,8.1,1013.1
22-02-2024 00:00,26,19,32.6,0,253,7.4,1013.1
23-02-2024 00:00,26.2,18.3,32.7,0,269,6.8,1012.7
24-02-2024 00:00,26,19.5,32,0,145,9.1,1012.5
25-02-2024 00:00,25.6,19.9,32,0,113,12.2,1012.4
26-02-2024 00:00,24,17.8,30.2,0,102,14.6,1013.5
27-02-2024 00:00,24.1,18.1,31.1,0,97,12.5,1014.3
28-02-2024 00:00,24.8,16.7,32.6,0,93,11.8,1013.6
29-02-2024 00:00,24.6,15.8,33,0,91,13.9,1014.1
01-03-2024 00:00,24.6,16.6,31.8,0,104,12.2,1015.1
02-03-2024 00:00,25.1,16.4,32,0,113,11.3,1014.4
03-03-2024 00:00,25.5,18.4,32.6,0,119,8.8,1013.4
04-03-2024 00:00,26.6,18.4,34.3,0,122,9.4,1012.8
05-03-2024 00:00,26.8,18.7,34.8,0,119,9.5,1013
06-03-2024 00:00,26.9,18.7,34.1,0,159,8.5,1013.2
07-03-2024 00:00,27,19.6,34.3,0,147,8.4,1012.5
08-03-2024 00:00,27.1,20,33.6,0,184,8.7,1012.6
09-03-2024 00:00,27.6,19.8,34,0,134,8.5,1012.8
10-03-2024 00:00,27,20.6,33,0,120,9.4,1014.4
11-03-2024 00:00,27.1,19.9,33.6,0,109,10.4,1015.9
12-03-2024 00:00,27.2,19.8,34.8,0,120,10.2,1014.8
13-03-2024 00:00,27.6,20.6,33.5,0,154,8,1013.7
14-03-2024 00:00,27.9,20.6,33.6,0,265,7,1013.5
15-03-2024 00:00,28.3,21.6,34.5,0,170,10.2,1012.3
16-03-2024 00:00,27.9,21.5,34.9,0,134,9.7,1012.9
17-03-2024 00:00,27.1,19.9,33.8,0,128,11.1,1013.2
18-03-2024 00:00,27.1,20.1,33.7,0,134,9.3,1012.9
19-03-2024 00:00,27.1,19.7,34,0,132,9.4,1012.4
20-03-2024 00:00,27.4,19.7,35,0,117,9.7,1012
21-03-2024 00:00,25.9,19.5,32.3,0,101,12.5,1012.8
22-03-2024 00:00,26.8,19.8,33.9,0,89,10,1011.1
23-03-2024 00:00,27.2,18.9,34.2,0,107,10.1,1011
24-03-2024 00:00,27.5,19.2,34.8,0,128,11,1012.6
25-03-2024 00:00,27.4,18.9,34.5,0,114,11.3,1012.8
26-03-2024 00:00,27.4,19.1,34.6,0,106,11.9,1013.4
27-03-2024 00:00,26.7,18.2,34.2,0,116,11.5,1015
28-03-2024 00:00,27.7,19.2,34.9,0,120,12.9,1013.3
29-03-2024 00:00,28.2,20.8,35.9,0,135,13.9,1012.4
30-03-2024 00:00,28.2,21.6,35.6,0,128,12.9,1013.2
31-03-2024 00:00,27.4,20.3,34.9,0,137,11.7,1013.9
01-04-2024 00:00,28,20.2,35.9,0,137,9.8,1011.5
02-04-2024 00:00,29,22.2,36.8,0,130,11.7,1010
03-04-2024 00:00,29,21.4,36.3,0,142,10.8,1010.7
04-04-2024 00:00,29.1,21.5,36,0,132,9.6,1011.2
05-04-2024 00:00,29.5,21.7,37,0,145,9.5,1010.7
06-04-2024 00:00,29.9,21.8,37.1,0,138,10.4,1009.4
07-04-2024 00:00,29.5,22.2,36.6,0,164,10.2,1009.4
08-04-2024 00:00,29.4,21.6,36.8,0,148,10.1,1010.1
09-04-2024 00:00,28.3,20,34.7,0,123,11.8,1011.4
10-04-2024 00:00,28.1,19.2,35.3,0,109,11.8,1011.4
11-04-2024 00:00,28.4,20.1,35.5,0,121,10.9,1011.4
12-04-2024 00:00,27.5,21.9,33.7,0.1,117,12.6,1011.9
13-04-2024 00:00,27.6,21.3,34.2,0,113,16.4,1012
14-04-2024 00:00,28.2,20.8,34.9,0,107,10.8,1012.5
15-04-2024 00:00,28.5,20.4,35.5,0,104,11.8,1012.6
16-04-2024 00:00,28.4,19.7,35.8,0,122,12.7,1011.7
17-04-2024 00:00,29.7,22,37.2,0,149,11.8,1010.4
18-04-2024 00:00,30.5,22.9,37.7,0,139,11.6,1009.4
19-04-2024 00:00,30.7,23.7,37.7,0,172,8.3,1008.1
20-04-2024 00:00,29.5,23.9,36.9,0,239,9.5,1008.6
21-04-2024 00:00,30.1,22.8,36.6,0,72,9.5,1008.8
22-04-2024 00:00,30.1,23.1,36.7,0,157,9.5,1009.4
23-04-2024 00:00,29.9,22.2,36.9,0,131,9.5,1008.7
24-04-2024 00:00,29.5,22.2,36.4,0,137,11,1008.6
25-04-2024 00:00,30.1,22.4,36.9,0,102,10.3,1008.5
26-04-2024 00:00,30.2,22.9,36.6,0,122,10.8,1008.5
27-04-2024 00:00,29.9,22,37.6,0,117,9.9,1008.6
28-04-2024 00:00,30.4,22.4,37.9,0,108,9.9,1008.9
29-04-2024 00:00,30.3,23,37.1,0,136,8.6,1010.2
30-04-2024 00:00,30.9,23.2,38,0,128,9.4,1008.9
01-05-2024 00:00,31.1,23,39.5,0,225,10.6,1006.9
02-05-2024 00:00,31.1,24.6,37.8,0,226,8.7,1007.4
03-05-2024 00:00,27.8,24.4,38.2,0,230,8.8,1008.5
04-05-2024 00:00,29.5,23.3,37,17,246,10.8,1009.2
05-05-2024 00:00,30.3,24.1,37.6,0,237,11.3,1007.9
06-05-2024 00:00,29.4,22,37.9,0.2,215,10,1008.5
07-05-2024 00:00,28,21.3,36.3,19.6,232,9.5,1010.3
08-05-2024 00:00,25.5,21.7,33.8,0,68,8,1010.3
09-05-2024 00:00,27.8,20.2,34.2,18,124,7.2,1009.6
10-05-2024 00:00,27.2,22,33.6,14,177,8,1010.8
11-05-2024 00:00,27.4,21,31.9,1.5,165,6.8,1010.9
12-05-2024 00:00,26.5,21.1,33.2,0,129,6,1011.2
13-05-2024 00:00,25.3,21,33.6,14,91,6.2,1010.5
14-05-2024 00:00,25.8,20.2,30.4,25.9,114,5.6,1011.3
15-05-2024 00:00,27,23.2,31.4,0,70,8.7,1011.1
16-05-2024 00:00,25.3,21.3,30.2,0.4,129,5.8,1011.4
17-05-2024 00:00,24.7,22.1,30.5,19.1,350,5.7,1010.3
18-05-2024 00:00,25,22,29.2,0,274,4.1,1009
19-05-2024 00:00,24,20.9,29.3,30.2,2,4.2,1007.2
20-05-2024 00:00,24.7,22,28.6,18,296,4.5,1007.1
21-05-2024 00:00,25.7,21.7,30,2,24,7,1006.8
22-05-2024 00:00,26.6,22.1,31.6,0,55,9.1,1005.6
23-05-2024 00:00,27.6,23.2,32.4,0.3,44,7.1,1004.5
24-05-2024 00:00,26.3,22.2,33.4,0,286,7.6,1004.9
25-05-2024 00:00,25.1,21.6,32,1,274,13.8,1005.8
26-05-2024 00:00,25.2,21.6,30.7,0,274,15.9,1006.6
27-05-2024 00:00,25.7,20.7,30.6,0,267,16.4,1006.8
28-05-2024 00:00,26,21.5,32.1,0,260,15,1007.3
29-05-2024 00:00,26.1,20.7,31.3,0,264,13.7,1007.1
30-05-2024 00:00,26.3,21.8,32.4,10,274,12.1,1007.9
31-05-2024 00:00,27.4,21.7,34.4,1.2,306,9.9,1008.1
01-06-2024 00:00,25.8,21.6,32.8,8.1,275,10.8,1008.8
02-06-2024 00:00,24.3,20.4,33.8,30,273,8.5,1009.3
03-06-2024 00:00,24.9,19.3,31.8,111,269,8.4,1009.9
04-06-2024 00:00,26.2,21.9,30.8,0,252,7.7,1010.6
05-06-2024 00:00,25.1,21.3,31.4,0.5,260,7.3,1011
06-06-2024 00:00,24.3,21.6,31.2,6.1,256,8.5,1011.4
07-06-2024 00:00,24,21.8,29.6,5.1,233,11,1009.9
08-06-2024 00:00,24.7,21.4,29,14.5,235,16.2,1009.2
09-06-2024 00:00,22.9,20.8,29.6,0,237,18.1,1009
10-06-2024 00:00,24.2,21.2,29.6,8.9,254,17,1009.5
11-06-2024 00:00,24,21.6,28.2,3,252,17.6,1009.8
12-06-2024 00:00,24.4,21.5,29.2,3,260,16.9,1011.1
13-06-2024 00:00,23.5,21.2,29,0,258,14.1,1011.3
14-06-2024 00:00,24.9,21,29.6,4.1,267,14.4,1009.7
15-06-2024 00:00,25.4,21.1,29.9,0,259,13.1,1009
16-06-2024 00:00,24.5,20,29.4,0.5,252,12.7,1009.6
17-06-2024 00:00,24.5,20.5,29.8,0.7,248,12.1,1009.7
18-06-2024 00:00,24.1,20.3,29.4,5,252,13.1,1009.7
19-06-2024 00:00,24.1,20.4,29.8,3.6,256,13.2,1008.6
20-06-2024 00:00,24.2,22,31,0,249,15.5,1008.5
21-06-2024 00:00,24.9,20.8,30.8,14,257,15.8,1008.7
22-06-2024 00:00,24.1,20.2,28.7,0,258,15.9,1006.7
23-06-2024 00:00,23.7,20.2,28.4,1.3,244,15.8,1005.9
24-06-2024 00:00,24.5,20.9,30.3,0,243,18.6,1005.6
25-06-2024 00:00,24.1,21.1,29,1.2,242,19,1005.5
26-06-2024 00:00,23.9,21.5,29.9,0.3,241,21,1006.1
27-06-2024 00:00,23.3,21.4,27.8,0,244,19.3,1007.7
28-06-2024 00:00,24.2,21.3,29,0,241,17.3,1008.4
29-06-2024 00:00,24.9,21.1,29.7,1,242,15.2,1009.3
30-06-2024 00:00,23.8,21.8,29.7,0,244,14,1010.3
01-07-2024 00:00,23.5,21.8,27.8,3,244,15.8,1010.2
02-07-2024 00:00,24.5,21.3,29,2,249,17.6,1008.8
03-07-2024 00:00,24.3,21.8,28.4,0,249,14.7,1009.2
04-07-2024 00:00,24.3,21.4,28.8,3,257,14.2,1010.7
05-07-2024 00:00,24.4,21.4,28.6,0,243,15.7,1009
06-07-2024 00:00,24,20.4,29.5,2,246,18.2,1008
07-07-2024 00:00,23.5,21.2,27.8,0,252,16.2,1008.1
08-07-2024 00:00,22.7,20.2,27.6,1,249,15.3,1007.7
09-07-2024 00:00,22.8,19.8,26.4,22.1,256,15.4,1008.3
10-07-2024 00:00,24.3,20.2,29.2,0,251,13.8,1010.9
11-07-2024 00:00,25.2,21.5,30.2,0,259,13.1,1010.2
12-07-2024 00:00,23.2,19.8,30.2,12,261,14.5,1008.9
13-07-2024 00:00,23.1,20.4,27.5,1.2,258,17.9,1008.5
14-07-2024 00:00,22.4,20.6,25,2.1,256,18.8,1007
15-07-2024 00:00,21.1,20.3,23.3,2,246,19.5,1006.3
16-07-2024 00:00,22.1,20.2,24.4,8.9,249,19.6,1006.6
17-07-2024 00:00,23.2,20,26.6,0.3,251,19.1,1007.9
18-07-2024 00:00,21.8,20.5,27.6,0.3,247,20.6,1009.6
19-07-2024 00:00,21,20.2,27,5.1,252,20.4,1007
20-07-2024 00:00,22.7,19.8,26,3,254,21.8,1007.4
21-07-2024 00:00,22.7,20.6,26.6,0,251,21.8,1008
22-07-2024 00:00,22.9,20.2,26.2,5.3,263,20.6,1009.7
23-07-2024 00:00,23.3,21,27.2,0.3,257,20.6,1010.4
24-07-2024 00:00,22,20.2,27,1,260,19.1,1008.8
25-07-2024 00:00,22.4,20.2,27.8,4.1,255,21.2,1007.4
26-07-2024 00:00,23,21.1,26.9,0.5,268,20.9,1007.6
27-07-2024 00:00,23.7,20.4,27.4,2,269,22.3,1008.2
28-07-2024 00:00,22.8,21.2,28.3,0,264,23.4,1006.9
29-07-2024 00:00,24,21,28.1,0,253,19.5,1006.1
30-07-2024 00:00,22.1,21,28.1,1,248,19.3,1008.9
31-07-2024 00:00,22.8,20.2,26.3,6.1,253,17,1010.5
01-08-2024 00:00,22.9,20,27.2,27.9,252,16.3,1010.5
02-08-2024 00:00,23.2,20.6,27,3,260,17.1,1010.3
03-08-2024 00:00,23.1,20.2,27.5,0,254,16.3,1011.1
04-08-2024 00:00,24.1,20.4,27.8,0,256,14,1011.2
05-08-2024 00:00,22.8,19.2,28.4,9.5,263,11.7,1011.3
06-08-2024 00:00,22.4,20.4,29.4,39.9,270,10.8,1010.4
07-08-2024 00:00,22.7,20.3,29.2,1.8,267,10.3,1010.4
08-08-2024 00:00,23.4,20.8,27.7,6.1,277,11.9,1011.1
09-08-2024 00:00,24.3,20.5,28,0,287,11.7,1011.4
10-08-2024 00:00,23.8,21,29.2,4.1,292,9.4,1011.2
11-08-2024 00:00,25.7,21.4,29.8,0.5,322,10,1009.3
12-08-2024 00:00,23.8,20.1,29,14.4,333,10.6,1008.3
13-08-2024 00:00,26,22.4,29.5,0.8,48,7.4,1009
14-08-2024 00:00,26.4,23,31,0,66,7.1,1008.1
15-08-2024 00:00,24.9,21.6,28.8,6.3,165,6,1007.4
16-08-2024 00:00,24.2,20.7,30.4,20.8,269,5.9,1006.9
17-08-2024 00:00,24.3,19.8,28.6,3.2,190,5.3,1007.7
18-08-2024 00:00,24.1,19.6,28.9,0.3,254,4.9,1008.4
19-08-2024 00:00,23.9,20.5,29.8,31.8,236,5.1,1008
20-08-2024 00:00,23.9,20,28.7,8.6,251,5.4,1008
21-08-2024 00:00,23.5,20.4,27.8,1.8,207,11.3,1009.3
22-08-2024 00:00,23.5,20.1,27.6,4.5,232,15.1,1010.5
23-08-2024 00:00,23.9,19.3,28.4,0,232,13,1011.3
24-08-2024 00:00,23.2,19.6,28,2.5,239,17.3,1011.9
25-08-2024 00:00,22.9,19.9,26.4,0.1,249,18.6,1011.3
26-08-2024 00:00,23.2,19.2,27.8,0,250,18.4,1010.6
27-08-2024 00:00,23.1,19.7,27.4,0.5,258,15.3,1011.9
28-08-2024 00:00,,,,,,,
29-08-2024 00:00,22.1,,26.5,0,,,
30-08-2024 00:00,22.5,20.2,26,26.9,,,
31-08-2024 00:00,22.9,20,27,7.1,,,
01-09-2024 00:00,23.9,20.8,,0,,,
02-09-2024 00:00,,,,,,,
03-09-2024 00:00,23.8,21.2,28.3,0,,,
04-09-2024 00:00,23.9,20.8,28,0,,,
05-09-2024 00:00,23.6,19.9,28.4,0.5,267,15.5,1009.5
06-09-2024 00:00,23.4,20.1,27.9,1.4,273,14.6,1009.8
07-09-2024 00:00,22.6,19.5,28,4.2,263,15.2,1010.9
08-09-2024 00:00,22.8,20.1,27.4,1.1,253,16.9,1011.1
09-09-2024 00:00,23.1,19.7,28.8,3.5,253,16.7,1009.1
10-09-2024 00:00,23.4,20.8,29.6,0,248,17.7,1008.7
11-09-2024 00:00,23.8,20.2,29.3,2,254,16.1,1010
12-09-2024 00:00,24.4,20.5,29.2,0,267,13.8,1011.2
13-09-2024 00:00,24.4,20.4,29.1,0,268,13.4,1010.9
14-09-2024 00:00,23.8,18.8,29.2,1.5,266,11.9,1010.5
15-09-2024 00:00,23.7,18.6,28.4,0.3,271,12.7,1010.5
16-09-2024 00:00,23.5,17.5,28.8,0.8,281,13.5,1011
17-09-2024 00:00,23.9,18.6,30,0.3,277,13.9,1010.3
18-09-2024 00:00,23.5,17.5,30,0,287,10.2,1009.3
19-09-2024 00:00,23.7,17.6,30.2,0.7,270,10.1,1009.4
20-09-2024 00:00,25.6,20.8,31.1,2,268,10.5,1009.6
21-09-2024 00:00,24.6,19.3,31.6,0,275,12.2,1009.8
22-09-2024 00:00,24,20.1,31.1,2,286,11.7,1008.9
23-09-2024 00:00,24.2,21.2,28.5,0.5,269,12.4,1008.2
24-09-2024 00:00,24.3,21.6,29.3,2.3,257,14.9,1007.8
25-09-2024 00:00,23.8,21.5,28.7,0,259,15.2,1007.8
26-09-2024 00:00,23.7,19.7,28.7,0.3,251,13.2,1008.4
27-09-2024 00:00,23.7,19.5,28.7,0.1,260,10.5,1010.6
28-09-2024 00:00,23.6,19.4,28.7,7.8,277,5.9,1011.6
29-09-2024 00:00,25.6,20.5,30,15,122,8.3,1012.3
30-09-2024 00:00,26.1,22,30.8,0,141,7.9,1011.7
01-10-2024 00:00,25.5,19.9,31.4,0.3,142,6.9,1010.5
02-10-2024 00:00,24.8,20.5,32,2.3,233,8.3,1011.5
03-10-2024 00:00,22.8,19.8,32.8,21.1,279,10.2,1011.8
04-10-2024 00:00,24.3,21.2,29,7.9,284,8.5,1011.6
05-10-2024 00:00,23.1,20.2,29.4,0,292,6.9,1012.1
06-10-2024 00:00,24.3,20.4,28.5,24.9,111,5.1,1011.4
07-10-2024 00:00,24.5,21.8,29.4,0,92,9,1012.4
08-10-2024 00:00,25.1,21.5,29.4,0.5,128,7.9,1012.5
09-10-2024 00:00,25.3,21.4,29.6,0,129,9.6,1011
10-10-2024 00:00,25,21.6,29.3,0,148,8.1,1009.9
11-10-2024 00:00,24.6,21.2,28.8,3,127,8.3,1009.9
12-10-2024 00:00,24.1,20.9,29,0.3,118,9.4,1010.9
13-10-2024 00:00,23.7,21.2,29.1,4.1,100,9.5,1011.1
14-10-2024 00:00,22.1,19.5,27.4,3.3,8,5.8,1011.4
15-10-2024 00:00,20.7,19.7,25.4,16,21,6.6,1010.9
16-10-2024 00:00,21.1,19.6,21.9,66,308,5.7,1010.4
17-10-2024 00:00,23.2,19.4,27,5.3,247,7.8,1009.9
18-10-2024 00:00,24.3,20.2,28.2,0,268,7.3,1011
19-10-2024 00:00,22.4,21.4,28.4,0.8,314,5.3,1012.4
20-10-2024 00:00,23.8,20.9,28,20.3,65,5.5,1013.2
21-10-2024 00:00,23.5,20.7,29.2,62,103,5.5,1013.3
22-10-2024 00:00,23.5,19.8,28.4,17,77,5,1013.5
23-10-2024 00:00,23.2,20.6,29,23.6,31,4.6,1012.6
24-10-2024 00:00,22.5,19.9,30,14,292,4.4,1012.4
25-10-2024 00:00,23.8,20.5,27.6,0,339,5.4,1012.2
26-10-2024 00:00,22.2,17.1,27,0,339,7.3,1011.9
27-10-2024 00:00,21.6,15.8,26.8,0,315,7,1011.2
28-10-2024 00:00,22.8,16.6,29.4,0,259,6.1,1010.3
29-10-2024 00:00,23.3,17.6,28.2,0.3,297,6.3,1011.4
30-10-2024 00:00,23,18.1,27.1,0.8,101,4.2,1012.2
31-10-2024 00:00,23.9,21.1,27.6,3.8,60,4.4,1013
01-11-2024 00:00,24.3,21.3,28.6,0,97,5.2,1014.2
02-11-2024 00:00,24.9,21,29.7,0.3,85,7.7,1014.5
03-11-2024 00:00,24.8,20.4,29.4,1,80,14,1014.3
04-11-2024 00:00,23.6,20.9,29.2,0,91,8.9,1013.5
05-11-2024 00:00,23.2,19.3,29.3,0.8,57,8.5,1013.7
06-11-2024 00:00,24.3,18.6,28.7,0,44,8.4,1013.9
07-11-2024 00:00,23,18.7,26.9,1.6,57,9.4,1013.7
08-11-2024 00:00,23.5,18,29.6,0,71,10,1013.5
09-11-2024 00:00,23,17.8,28.6,0,64,9.6,1013.7
10-11-2024 00:00,22.8,17.3,28.6,0,53,8.8,1013.8
11-11-2024 00:00,22.8,17.2,28,0,41,8.5,1012.6
12-11-2024 00:00,22.6,19.1,27.3,1.8,34,9.4,1012
13-11-2024 00:00,23.5,20.6,26,0.8,62,10.7,1011.4
14-11-2024 00:00,22.3,21.2,27.4,0,75,9.7,1012.9
15-11-2024 00:00,22.5,20.4,26.8,4.1,67,8.7,1013.6
16-11-2024 00:00,23.3,20.4,28.8,10.9,74,10.2,1013.2
17-11-2024 00:00,23.8,20.3,27.8,3,69,10.4,1012.7
18-11-2024 00:00,22.2,19,26.7,0.1,79,12.8,1013.5
19-11-2024 00:00,21.9,18.4,26.7,0,67,12.2,1014.2
20-11-2024 00:00,21.6,17,27.5,0,91,10.7,1013.7
21-11-2024 00:00,21.3,17,27,0,77,9.9,1013.7
22-11-2024 00:00,22,16.4,28.6,0,69,8.1,1013.4
23-11-2024 00:00,22.3,16.2,28.1,0,64,7.1,1014
24-11-2024 00:00,22.8,17.4,28.6,0,61,7.5,1013.8
25-11-2024 00:00,22,16.8,27.2,0,51,8.6,1013.2
26-11-2024 00:00,21.1,17.8,25.5,2.1,47,11.7,1012.5
27-11-2024 00:00,21.2,18.1,24.4,0.5,38,12.5,1011.3
28-11-2024 00:00,21.8,17.3,26.8,0,24,10.9,1011
29-11-2024 00:00,21.6,18.4,27.2,0,23,12.1,1010.8
30-11-2024 00:00,21.2,19.1,22.9,0.7,349,14,1009.2
01-12-2024 00:00,21.2,19.7,24.3,14.2,345,20.1,1007.3
02-12-2024 00:00,21.3,19.9,22.4,18.8,48,13.5,1007.4
03-12-2024 00:00,22.1,20.3,26.7,39.9,116,10.5,1010.9
04-12-2024 00:00,23,19.2,25.6,21.1,95,9.1,1012.9
05-12-2024 00:00,23.2,20.2,27.4,2.5,86,8.1,1013.3
06-12-2024 00:00,24.3,20.3,28.6,2,105,6.9,1013.5
07-12-2024 00:00,24.2,20.2,28.7,0,106,8,1013
08-12-2024 00:00,22.6,18.9,29.6,0,128,7.5,1012.9
09-12-2024 00:00,22.2,17.8,28,0,108,6.7,1012.8
10-12-2024 00:00,,,,,,,
11-12-2024 00:00,,,,,,,
12-12-2024 00:00,21,19.9,25.9,0,,,
13-12-2024 00:00,21.3,19.8,24,5.1,75,11,1013.1
14-12-2024 00:00,21.9,18.8,26,0.5,71,10.4,1014.5
15-12-2024 00:00,21.2,16.6,26.6,0,69,9,1015.7
16-12-2024 00:00,19.9,14.8,27,0,60,7.9,1014.6
17-12-2024 00:00,20.7,14.2,27.8,0,46,7.2,1013
18-12-2024 00:00,21.9,17,26.6,0.2,32,8.9,1012.1
19-12-2024 00:00,23.6,19.4,26.3,0,37,8.5,1011.7
20-12-2024 00:00,22.9,18.4,27.4,0,353,7.1,1011.5
21-12-2024 00:00,23.2,18.1,29.2,0,11,4.9,1011.8
22-12-2024 00:00,22.9,17.5,27.6,0,74,5.2,1012.5
23-12-2024 00:00,22.5,18.4,26.7,0,98,5.7,1012.8
24-12-2024 00:00,22.2,17.1,27.9,0,59,5.1,1012.6
25-12-2024 00:00,22.1,16.7,27.7,0,26,6.4,1013.9
26-12-2024 00:00,21.6,18.4,25.1,3.9,55,11.6,1015.6
27-12-2024 00:00,21.2,19.1,24.8,2.2,92,12.3,1016.9
28-12-2024 00:00,21.3,17.5,26.2,0,92,10.5,1016.7
29-12-2024 00:00,21.4,16.3,27.4,0,76,9.4,1016.4
30-12-2024 00:00,21.2,16.5,25.6,0,63,11,1016.4
31-12-2024 00:00,21.7,16.4,28.6,0,76,11.4,1016.4
01-01-2025 00:00,21,15.3,26.6,0,77,10.1,1015.5
02-01-2025 00:00,20.8,16.1,27.2,0,80,9.9,1015.3
03-01-2025 00:00,20.5,16.3,27,0,77,10.1,1015.6
04-01-2025 00:00,19.5,13.3,26.6,0,90,8.7,1014.6
05-01-2025 00:00,20.1,14.2,26.6,0,97,8.2,1014.9
06-01-2025 00:00,20.5,15.8,27.2,0,104,7.6,1014.5
07-01-2025 00:00,20.9,15,26.6,0,78,7.1,1014
08-01-2025 00:00,21.1,16.1,28,0,74,9.3,1014
09-01-2025 00:00,19.8,14.1,25.6,0,92,12,1015.1
10-01-2025 00:00,20.6,15.5,26.4,0,102,11.6,1016.1
11-01-2025 00:00,21.3,17.7,26.2,0,94,10.6,1015.8
12-01-2025 00:00,21.6,16.4,28.6,0,86,10.4,1015.6
13-01-2025 00:00,22,18.6,27.4,2,76,11,1014.1
14-01-2025 00:00,22,19.2,26.6,0.2,91,12.2,1015.2
15-01-2025 00:00,20.6,16.7,24.9,0,85,12.4,1016.4
16-01-2025 00:00,21.4,16.8,26.3,0,92,11.9,1015.9
17-01-2025 00:00,20.7,16,26.5,0,85,11.2,1014.9
18-01-2025 00:00,21.1,15.6,26.9,0,83,10.9,1014.1
19-01-2025 00:00,19.8,18.2,27.4,3,59,10.8,1014.6
20-01-2025 00:00,22,18,27.4,2,58,7.9,1013.8
21-01-2025 00:00,21.1,15.2,28.4,0,63,8.1,1013.2
22-01-2025 00:00,21.4,14.9,28.2,0,83,8.5,1012.9
23-01-2025 00:00,22.5,16.6,29.4,0,93,9.5,1013
24-01-2025 00:00,21.2,16.3,27.6,0,97,8.8,1013
25-01-2025 00:00,21.2,14.3,29.2,0,84,9.2,1013.6
26-01-2025 00:00,22,15.1,29.8,0,86,10.4,1013.4
27-01-2025 00:00,21.4,13.8,29,0,79,8,1012.9
28-01-2025 00:00,21.4,14.9,29,0,85,7.7,1013.4
29-01-2025 00:00,21.7,14.6,30.4,0,84,9.7,1014.5
30-01-2025 00:00,22.4,15.4,29.7,0,108,7.1,1013.2
31-01-2025 00:00,24.1,18.3,30.6,0,106,7.9,1012.4
01-02-2025 00:00,24.2,19,30.4,0,79,8.2,1013.3
02-02-2025 00:00,23.7,17.1,31.8,0,81,8.2,1013.7
03-02-2025 00:00,23.3,16.1,31,0,87,8.1,1013.8
04-02-2025 00:00,23.5,16.2,31,0,83,9,1014
05-02-2025 00:00,23.7,17.7,30.8,0,101,10.5,1013.3
06-02-2025 00:00,23.3,17,30.2,0,93,9.9,1013.1
07-02-2025 00:00,23.3,16.5,30.4,0,91,9.4,1014.5
08-02-2025 00:00,23.4,17,30,0,90,10,1014.4
09-02-2025 00:00,23.5,17.7,29.2,0,85,9.8,1014
10-02-2025 00:00,22.6,16.4,29,0,91,9.4,1015.2
11-02-2025 00:00,23.2,15.9,30.4,0,91,8.8,1015.3
12-02-2025 00:00,24,15.5,32,0,84,8.9,1014.7
13-02-2025 00:00,24.3,17.1,31.4,0,89,8.4,1014.2
14-02-2025 00:00,25.1,18.1,32.2,0,89,7.7,1013.8
15-02-2025 00:00,25,18.8,32,0,90,7.6,1013
16-02-2025 00:00,24.9,18.3,32,0,89,8.5,1013.6
17-02-2025 00:00,24.5,17.8,31.4,0,97,9.2,1014.9
18-02-2025 00:00,24.7,17.9,31.8,0,91,8.5,1014.8
19-02-2025 00:00,25.8,18.4,33.2,0,92,8.4,1013
20-02-2025 00:00,25.5,19.1,32,0,105,9.5,1013.6
21-02-2025 00:00,25.2,17.8,32.4,0,94,9.3,1015
22-02-2025 00:00,25.4,17.9,32.2,0,80,9.7,1015.6
23-02-2025 00:00,25.5,19.3,31.5,0,79,10.8,1015.6
24-02-2025 00:00,24.6,18.5,31,0,88,12.1,1015.7
25-02-2025 00:00,23.9,16.8,31,0,84,12.3,1017
26-02-2025 00:00,24.3,18.2,31,0,87,14,1016.7
27-02-2025 00:00,24.3,17.6,31,0,85,13,1015.2
28-02-2025 00:00,24.1,17.1,31.4,0,85,12.1,1014.1
01-03-2025 00:00,24.8,18.5,31.3,0,94,11.7,1013.3
02-03-2025 00:00,25.3,19.1,31.7,0,97,9.4,1012.1
03-03-2025 00:00,26.5,20.1,32.9,0,89,8.7,1012.5
04-03-2025 00:00,26.8,20.7,32.4,0,87,10.3,1012.3
05-03-2025 00:00,27.1,21,33.2,0,94,8.3,1012
06-03-2025 00:00,27.1,21.4,33,0,75,7.7,1012.9
07-03-2025 00:00,26.3,19.4,33.8,0,74,7.1,1011.6
08-03-2025 00:00,26.3,18.8,33.3,0,102,7.6,1010.5
09-03-2025 00:00,26.2,19.3,33.6,0,89,10.9,1011.4
10-03-2025 00:00,24.4,17.1,31.2,0,88,12.5,1013.8
11-03-2025 00:00,23.5,17.2,31.2,1.3,88,12.8,1014.4
12-03-2025 00:00,26.2,20.8,31.9,0,98,11.1,1013
13-03-2025 00:00,26.2,18.3,33.8,0,103,8.2,1012
14-03-2025 00:00,27.5,20.3,34.8,0,107,8.5,1011.8
15-03-2025 00:00,,,,,,,
16-03-2025 00:00,,,,,,,
17-03-2025 00:00,,,,,,,
18-03-2025 00:00,,,,,,,
19-03-2025 00:00,,,,,,,
20-03-2025 00:00,,,,,,,
21-03-2025 00:00,,,,,,,
22-03-2025 00:00,24.3,20.4,32.6,34,150,9.2,1015
23-03-2025 00:00,25.3,19.5,33.4,11.7,127,8,1015.1
24-03-2025 00:00,26.7,22.8,31.4,0,104,7.7,1014
25-03-2025 00:00,25.9,20,32.2,0,113,7.1,1011.6
26-03-2025 00:00,26.7,19.8,33.4,0,117,7.7,1010.1
27-03-2025 00:00,27.3,21,33.5,0,340,6.5,1009.9
28-03-2025 00:00,27.8,21.3,34.4,0,132,9.3,1009.5
29-03-2025 00:00,28.1,21.8,34.4,0,121,8.8,1009.5
30-03-2025 00:00,27.8,21.6,34.1,0,124,10,1010.5
31-03-2025 00:00,27.6,21.4,33.7,0,109,9,1010.4
01-04-2025 00:00,26.1,19.5,32.5,0,107,9.6,1010
02-04-2025 00:00,26.1,20.2,32.2,0.2,128,9.8,1011
03-04-2025 00:00,23.9,19.4,29.3,15.4,117,7.6,1013.6
04-04-2025 00:00,24.6,19.5,32,7,33,6.7,1013.5
05-04-2025 00:00,27.2,21.5,32.9,0,136,5.9,1012.4
06-04-2025 00:00,27.3,23.4,33.2,0,96,6.8,1011.2
07-04-2025 00:00,27.6,22.9,34.5,0,102,8,1011.1
08-04-2025 00:00,27.3,20,34.3,0,98,11.4,1011.8
09-04-2025 00:00,26.9,20,33.2,0,65,9.5,1011.2
10-04-2025 00:00,26.7,20.6,33,0,281,10.9,1009.7
11-04-2025 00:00,26.2,20.5,32.9,0,274,11.2,1009.6
12-04-2025 00:00,26.3,21,33.3,0.8,287,9.9,1010.7
13-04-2025 00:00,26.8,20.3,33.7,4.1,27,8.2,1011
14-04-2025 00:00,24.4,20.9,33.6,0,114,9.3,1010.5
15-04-2025 00:00,26.6,21,34.1,6.1,139,7.4,1010.6
16-04-2025 00:00,24.2,20.5,34,5.8,187,8.4,1011
17-04-2025 00:00,26.9,20.4,32.8,8.9,,,
18-04-2025 00:00,26.2,23.6,32.5,0,,,
19-04-2025 00:00,27,22.4,32.2,0.5,,,
20-04-2025 00:00,26,,,0,,,
21-04-2025 00:00,27.2,20.8,33.4,0,,,
22-04-2025 00:00,28.3,21.5,33.4,0,,,
23-04-2025 00:00,28.5,21.5,34.6,0,129,9.9,1010.5
24-04-2025 00:00,28.8,21.4,35.6,0,132,10.3,1009.4
25-04-2025 00:00,28.4,21.8,34.7,0,137,10.6,1009.7
26-04-2025 00:00,28.2,21.9,33.8,0,121,10.3,1009.7
27-04-2025 00:00,27.9,21.8,33.7,0,126,10.2,1010.2
